SRA FASTQ submission metadata file for PRJNA717890 https://www.ncbi.nlm.nih.gov/bioproject/PRJNA717890/,,,,,,,,,,,,,
sample_ID,library_ID,title,library_strategy,library_source,library_selection,library_layout,platform,instrument_model,design_description,filetype,filename,filename2,fasta_file
S10,S10_batch1,Targeted RNA-Seq/amplicon-seq of a mutated and a wild-type MAb Heavy Chain mixed to create a mutation spike-in series that is sequenced under various prep conditions,AMPLICON,TRANSCRIPTOMIC,PCR,Paired-end,ILLUMINA,Illumina MiSeq,C9_2%C29_IVScpt_Ph25,fastq,000000000-BJJDW_S10_S20_L001_R1_001.fastq.gz,000000000-BJJDW_S10_S20_L001_R2_001.fastq.gz,MAb_Hc_Lc_reference_seq.fa
S11,S11_batch1,Targeted RNA-Seq/amplicon-seq of a mutated and a wild-type MAb Heavy Chain mixed to create a mutation spike-in series that is sequenced under various prep conditions,AMPLICON,TRANSCRIPTOMIC,PCR,Paired-end,ILLUMINA,Illumina MiSeq,C9_5%C29_IVScpt_Ph25,fastq,000000000-BJJDW_S11_S22_L001_R1_001.fastq.gz,000000000-BJJDW_S11_S22_L001_R2_001.fastq.gz,MAb_Hc_Lc_reference_seq.fa
S12,S12_batch1,Targeted RNA-Seq/amplicon-seq of a mutated and a wild-type MAb Heavy Chain mixed to create a mutation spike-in series that is sequenced under various prep conditions,AMPLICON,TRANSCRIPTOMIC,PCR,Paired-end,ILLUMINA,Illumina MiSeq,C29_______IVScpt_Ph25,fastq,000000000-BJJDW_S12_S23_L001_R1_001.fastq.gz,000000000-BJJDW_S12_S23_L001_R2_001.fastq.gz,MAb_Hc_Lc_reference_seq.fa
S13,S13_batch1,Targeted RNA-Seq/amplicon-seq of a mutated and a wild-type MAb Heavy Chain mixed to create a mutation spike-in series that is sequenced under various prep conditions,AMPLICON,TRANSCRIPTOMIC,PCR,Paired-end,ILLUMINA,Illumina MiSeq,C9_0%C29_AcScpt_Ph25,fastq,000000000-BJJDW_S13_S25_L001_R1_001.fastq.gz,000000000-BJJDW_S13_S25_L001_R2_001.fastq.gz,MAb_Hc_Lc_reference_seq.fa
S14,S14_batch1,Targeted RNA-Seq/amplicon-seq of a mutated and a wild-type MAb Heavy Chain mixed to create a mutation spike-in series that is sequenced under various prep conditions,AMPLICON,TRANSCRIPTOMIC,PCR,Paired-end,ILLUMINA,Illumina MiSeq,C9_0.5%C29_AcScpt_Ph25,fastq,000000000-BJJDW_S14_S26_L001_R1_001.fastq.gz,000000000-BJJDW_S14_S26_L001_R2_001.fastq.gz,MAb_Hc_Lc_reference_seq.fa
S15,S15_batch1,Targeted RNA-Seq/amplicon-seq of a mutated and a wild-type MAb Heavy Chain mixed to create a mutation spike-in series that is sequenced under various prep conditions,AMPLICON,TRANSCRIPTOMIC,PCR,Paired-end,ILLUMINA,Illumina MiSeq,C9_1%C29_AcScpt_Ph25,fastq,000000000-BJJDW_S15_S27_L001_R1_001.fastq.gz,000000000-BJJDW_S15_S27_L001_R2_001.fastq.gz,MAb_Hc_Lc_reference_seq.fa
S16,S16_batch1,Targeted RNA-Seq/amplicon-seq of a mutated and a wild-type MAb Heavy Chain mixed to create a mutation spike-in series that is sequenced under various prep conditions,AMPLICON,TRANSCRIPTOMIC,PCR,Paired-end,ILLUMINA,Illumina MiSeq,C9_2%C29_AcScpt_Ph25,fastq,000000000-BJJDW_S16_S28_L001_R1_001.fastq.gz,000000000-BJJDW_S16_S28_L001_R2_001.fastq.gz,MAb_Hc_Lc_reference_seq.fa
S17,S17_batch1,Targeted RNA-Seq/amplicon-seq of a mutated and a wild-type MAb Heavy Chain mixed to create a mutation spike-in series that is sequenced under various prep conditions,AMPLICON,TRANSCRIPTOMIC,PCR,Paired-end,ILLUMINA,Illumina MiSeq,C9_5%C29_AcScpt_Ph25,fastq,000000000-BJJDW_S17_S29_L001_R1_001.fastq.gz,000000000-BJJDW_S17_S29_L001_R2_001.fastq.gz,MAb_Hc_Lc_reference_seq.fa
S18,S18_batch1,Targeted RNA-Seq/amplicon-seq of a mutated and a wild-type MAb Heavy Chain mixed to create a mutation spike-in series that is sequenced under various prep conditions,AMPLICON,TRANSCRIPTOMIC,PCR,Paired-end,ILLUMINA,Illumina MiSeq,C29_______AcScpt_Ph25,fastq,000000000-BJJDW_S18_S30_L001_R1_001.fastq.gz,000000000-BJJDW_S18_S30_L001_R2_001.fastq.gz,MAb_Hc_Lc_reference_seq.fa
S19,S19_batch1,Targeted RNA-Seq/amplicon-seq of a mutated and a wild-type MAb Heavy Chain mixed to create a mutation spike-in series that is sequenced under various prep conditions,AMPLICON,TRANSCRIPTOMIC,PCR,Paired-end,ILLUMINA,Illumina MiSeq,C9_0%C29_IIIScpt_Ph20,fastq,000000000-BJJDW_S19_S31_L001_R1_001.fastq.gz,000000000-BJJDW_S19_S31_L001_R2_001.fastq.gz,MAb_Hc_Lc_reference_seq.fa
S1,S1_batch1,Targeted RNA-Seq/amplicon-seq of a mutated and a wild-type MAb Heavy Chain mixed to create a mutation spike-in series that is sequenced under various prep conditions,AMPLICON,TRANSCRIPTOMIC,PCR,Paired-end,ILLUMINA,Illumina MiSeq,C9_0%C29_IIIScpt_Ph25,fastq,000000000-BJJDW_S1_S2_L001_R1_001.fastq.gz,000000000-BJJDW_S1_S2_L001_R2_001.fastq.gz,MAb_Hc_Lc_reference_seq.fa
S20,S20_batch1,Targeted RNA-Seq/amplicon-seq of a mutated and a wild-type MAb Heavy Chain mixed to create a mutation spike-in series that is sequenced under various prep conditions,AMPLICON,TRANSCRIPTOMIC,PCR,Paired-end,ILLUMINA,Illumina MiSeq,C9_0.5%C29_IIIScpt_Ph20,fastq,000000000-BJJDW_S20_S32_L001_R1_001.fastq.gz,000000000-BJJDW_S20_S32_L001_R2_001.fastq.gz,MAb_Hc_Lc_reference_seq.fa
S21,S21_batch1,Targeted RNA-Seq/amplicon-seq of a mutated and a wild-type MAb Heavy Chain mixed to create a mutation spike-in series that is sequenced under various prep conditions,AMPLICON,TRANSCRIPTOMIC,PCR,Paired-end,ILLUMINA,Illumina MiSeq,C9_1%C29_IIIScpt_Ph20,fastq,000000000-BJJDW_S21_S33_L001_R1_001.fastq.gz,000000000-BJJDW_S21_S33_L001_R2_001.fastq.gz,MAb_Hc_Lc_reference_seq.fa
S22,S22_batch1,Targeted RNA-Seq/amplicon-seq of a mutated and a wild-type MAb Heavy Chain mixed to create a mutation spike-in series that is sequenced under various prep conditions,AMPLICON,TRANSCRIPTOMIC,PCR,Paired-end,ILLUMINA,Illumina MiSeq,C9_2%C29_IIIScpt_Ph20,fastq,000000000-BJJDW_S22_S34_L001_R1_001.fastq.gz,000000000-BJJDW_S22_S34_L001_R2_001.fastq.gz,MAb_Hc_Lc_reference_seq.fa
S23,S23_batch1,Targeted RNA-Seq/amplicon-seq of a mutated and a wild-type MAb Heavy Chain mixed to create a mutation spike-in series that is sequenced under various prep conditions,AMPLICON,TRANSCRIPTOMIC,PCR,Paired-end,ILLUMINA,Illumina MiSeq,C9_5%C29_IIIScpt_Ph20,fastq,000000000-BJJDW_S23_S35_L001_R1_001.fastq.gz,000000000-BJJDW_S23_S35_L001_R2_001.fastq.gz,MAb_Hc_Lc_reference_seq.fa
S24,S24_batch1,Targeted RNA-Seq/amplicon-seq of a mutated and a wild-type MAb Heavy Chain mixed to create a mutation spike-in series that is sequenced under various prep conditions,AMPLICON,TRANSCRIPTOMIC,PCR,Paired-end,ILLUMINA,Illumina MiSeq,C29_______IIIScpt_Ph20,fastq,000000000-BJJDW_S24_S36_L001_R1_001.fastq.gz,000000000-BJJDW_S24_S36_L001_R2_001.fastq.gz,MAb_Hc_Lc_reference_seq.fa
S25,S25_batch1,Targeted RNA-Seq/amplicon-seq of a mutated and a wild-type MAb Heavy Chain mixed to create a mutation spike-in series that is sequenced under various prep conditions,AMPLICON,TRANSCRIPTOMIC,PCR,Paired-end,ILLUMINA,Illumina MiSeq,C9_0%C29_IVScpt_Ph20,fastq,000000000-BJJDW_S25_S37_L001_R1_001.fastq.gz,000000000-BJJDW_S25_S37_L001_R2_001.fastq.gz,MAb_Hc_Lc_reference_seq.fa
S26,S26_batch1,Targeted RNA-Seq/amplicon-seq of a mutated and a wild-type MAb Heavy Chain mixed to create a mutation spike-in series that is sequenced under various prep conditions,AMPLICON,TRANSCRIPTOMIC,PCR,Paired-end,ILLUMINA,Illumina MiSeq,C9_0.5%C29_IVScpt_Ph20,fastq,000000000-BJJDW_S26_S38_L001_R1_001.fastq.gz,000000000-BJJDW_S26_S38_L001_R2_001.fastq.gz,MAb_Hc_Lc_reference_seq.fa
S27,S27_batch1,Targeted RNA-Seq/amplicon-seq of a mutated and a wild-type MAb Heavy Chain mixed to create a mutation spike-in series that is sequenced under various prep conditions,AMPLICON,TRANSCRIPTOMIC,PCR,Paired-end,ILLUMINA,Illumina MiSeq,C9_1%C29_IVScpt_Ph20,fastq,000000000-BJJDW_S27_S39_L001_R1_001.fastq.gz,000000000-BJJDW_S27_S39_L001_R2_001.fastq.gz,MAb_Hc_Lc_reference_seq.fa
S28,S28_batch1,Targeted RNA-Seq/amplicon-seq of a mutated and a wild-type MAb Heavy Chain mixed to create a mutation spike-in series that is sequenced under various prep conditions,AMPLICON,TRANSCRIPTOMIC,PCR,Paired-end,ILLUMINA,Illumina MiSeq,C9_2%C29_IVScpt_Ph20,fastq,000000000-BJJDW_S28_S40_L001_R1_001.fastq.gz,000000000-BJJDW_S28_S40_L001_R2_001.fastq.gz,MAb_Hc_Lc_reference_seq.fa
S29,S29_batch1,Targeted RNA-Seq/amplicon-seq of a mutated and a wild-type MAb Heavy Chain mixed to create a mutation spike-in series that is sequenced under various prep conditions,AMPLICON,TRANSCRIPTOMIC,PCR,Paired-end,ILLUMINA,Illumina MiSeq,C9_5%C29_IVScpt_Ph20,fastq,000000000-BJJDW_S29_S41_L001_R1_001.fastq.gz,000000000-BJJDW_S29_S41_L001_R2_001.fastq.gz,MAb_Hc_Lc_reference_seq.fa
S2,S2_batch1,Targeted RNA-Seq/amplicon-seq of a mutated and a wild-type MAb Heavy Chain mixed to create a mutation spike-in series that is sequenced under various prep conditions,AMPLICON,TRANSCRIPTOMIC,PCR,Paired-end,ILLUMINA,Illumina MiSeq,C9_0.5%C29_IIIScpt_Ph25,fastq,000000000-BJJDW_S2_S3_L001_R1_001.fastq.gz,000000000-BJJDW_S2_S3_L001_R2_001.fastq.gz,MAb_Hc_Lc_reference_seq.fa
S30,S30_batch1,Targeted RNA-Seq/amplicon-seq of a mutated and a wild-type MAb Heavy Chain mixed to create a mutation spike-in series that is sequenced under various prep conditions,AMPLICON,TRANSCRIPTOMIC,PCR,Paired-end,ILLUMINA,Illumina MiSeq,C29_______IVScpt_Ph20,fastq,000000000-BJJDW_S30_S42_L001_R1_001.fastq.gz,000000000-BJJDW_S30_S42_L001_R2_001.fastq.gz,MAb_Hc_Lc_reference_seq.fa
S31,S31_batch1,Targeted RNA-Seq/amplicon-seq of a mutated and a wild-type MAb Heavy Chain mixed to create a mutation spike-in series that is sequenced under various prep conditions,AMPLICON,TRANSCRIPTOMIC,PCR,Paired-end,ILLUMINA,Illumina MiSeq,C9_0%C29_AcScpt_Ph20,fastq,000000000-BJJDW_S31_S43_L001_R1_001.fastq.gz,000000000-BJJDW_S31_S43_L001_R2_001.fastq.gz,MAb_Hc_Lc_reference_seq.fa
S32,S32_batch1,Targeted RNA-Seq/amplicon-seq of a mutated and a wild-type MAb Heavy Chain mixed to create a mutation spike-in series that is sequenced under various prep conditions,AMPLICON,TRANSCRIPTOMIC,PCR,Paired-end,ILLUMINA,Illumina MiSeq,C9_0.5%C29_AcScpt_Ph20,fastq,000000000-BJJDW_S32_S44_L001_R1_001.fastq.gz,000000000-BJJDW_S32_S44_L001_R2_001.fastq.gz,MAb_Hc_Lc_reference_seq.fa
S33,S33_batch1,Targeted RNA-Seq/amplicon-seq of a mutated and a wild-type MAb Heavy Chain mixed to create a mutation spike-in series that is sequenced under various prep conditions,AMPLICON,TRANSCRIPTOMIC,PCR,Paired-end,ILLUMINA,Illumina MiSeq,C9_1%C29_AcScpt_Ph20,fastq,000000000-BJJDW_S33_S45_L001_R1_001.fastq.gz,000000000-BJJDW_S33_S45_L001_R2_001.fastq.gz,MAb_Hc_Lc_reference_seq.fa
S34,S34_batch1,Targeted RNA-Seq/amplicon-seq of a mutated and a wild-type MAb Heavy Chain mixed to create a mutation spike-in series that is sequenced under various prep conditions,AMPLICON,TRANSCRIPTOMIC,PCR,Paired-end,ILLUMINA,Illumina MiSeq,C9_2%C29_AcScpt_Ph20,fastq,000000000-BJJDW_S34_S46_L001_R1_001.fastq.gz,000000000-BJJDW_S34_S46_L001_R2_001.fastq.gz,MAb_Hc_Lc_reference_seq.fa
S35,S35_batch1,Targeted RNA-Seq/amplicon-seq of a mutated and a wild-type MAb Heavy Chain mixed to create a mutation spike-in series that is sequenced under various prep conditions,AMPLICON,TRANSCRIPTOMIC,PCR,Paired-end,ILLUMINA,Illumina MiSeq,C9_5%C29_AcScpt_Ph20,fastq,000000000-BJJDW_S35_S47_L001_R1_001.fastq.gz,000000000-BJJDW_S35_S47_L001_R2_001.fastq.gz,MAb_Hc_Lc_reference_seq.fa
S36,S36_batch1,Targeted RNA-Seq/amplicon-seq of a mutated and a wild-type MAb Heavy Chain mixed to create a mutation spike-in series that is sequenced under various prep conditions,AMPLICON,TRANSCRIPTOMIC,PCR,Paired-end,ILLUMINA,Illumina MiSeq,C29_______AcScpt_Ph20,fastq,000000000-BJJDW_S36_S48_L001_R1_001.fastq.gz,000000000-BJJDW_S36_S48_L001_R2_001.fastq.gz,MAb_Hc_Lc_reference_seq.fa
S37,S37_batch1,Targeted RNA-Seq/amplicon-seq of a mutated and a wild-type MAb Heavy Chain mixed to create a mutation spike-in series that is sequenced under various prep conditions,AMPLICON,TRANSCRIPTOMIC,PCR,Paired-end,ILLUMINA,Illumina MiSeq,C9_0%C29_IIIScpt_Ph15,fastq,000000000-BJJDW_S37_S49_L001_R1_001.fastq.gz,000000000-BJJDW_S37_S49_L001_R2_001.fastq.gz,MAb_Hc_Lc_reference_seq.fa
S38,S38_batch1,Targeted RNA-Seq/amplicon-seq of a mutated and a wild-type MAb Heavy Chain mixed to create a mutation spike-in series that is sequenced under various prep conditions,AMPLICON,TRANSCRIPTOMIC,PCR,Paired-end,ILLUMINA,Illumina MiSeq,C9_0.5%C29_IIIScpt_Ph15,fastq,000000000-BJJDW_S38_S50_L001_R1_001.fastq.gz,000000000-BJJDW_S38_S50_L001_R2_001.fastq.gz,MAb_Hc_Lc_reference_seq.fa
S39,S39_batch1,Targeted RNA-Seq/amplicon-seq of a mutated and a wild-type MAb Heavy Chain mixed to create a mutation spike-in series that is sequenced under various prep conditions,AMPLICON,TRANSCRIPTOMIC,PCR,Paired-end,ILLUMINA,Illumina MiSeq,C9_1%C29_IIIScpt_Ph15,fastq,000000000-BJJDW_S39_S51_L001_R1_001.fastq.gz,000000000-BJJDW_S39_S51_L001_R2_001.fastq.gz,MAb_Hc_Lc_reference_seq.fa
S3,S3_batch1,Targeted RNA-Seq/amplicon-seq of a mutated and a wild-type MAb Heavy Chain mixed to create a mutation spike-in series that is sequenced under various prep conditions,AMPLICON,TRANSCRIPTOMIC,PCR,Paired-end,ILLUMINA,Illumina MiSeq,C9_1%C29_IIIScpt_Ph25,fastq,000000000-BJJDW_S3_S6_L001_R1_001.fastq.gz,000000000-BJJDW_S3_S6_L001_R2_001.fastq.gz,MAb_Hc_Lc_reference_seq.fa
S40,S40_batch1,Targeted RNA-Seq/amplicon-seq of a mutated and a wild-type MAb Heavy Chain mixed to create a mutation spike-in series that is sequenced under various prep conditions,AMPLICON,TRANSCRIPTOMIC,PCR,Paired-end,ILLUMINA,Illumina MiSeq,C9_2%C29_IIIScpt_Ph15,fastq,000000000-BJJDW_S40_S52_L001_R1_001.fastq.gz,000000000-BJJDW_S40_S52_L001_R2_001.fastq.gz,MAb_Hc_Lc_reference_seq.fa
S41,S41_batch1,Targeted RNA-Seq/amplicon-seq of a mutated and a wild-type MAb Heavy Chain mixed to create a mutation spike-in series that is sequenced under various prep conditions,AMPLICON,TRANSCRIPTOMIC,PCR,Paired-end,ILLUMINA,Illumina MiSeq,C29_______IIIScpt_Ph15,fastq,000000000-BJJDW_S41_S53_L001_R1_001.fastq.gz,000000000-BJJDW_S41_S53_L001_R2_001.fastq.gz,MAb_Hc_Lc_reference_seq.fa
S42,S42_batch1,Targeted RNA-Seq/amplicon-seq of a mutated and a wild-type MAb Heavy Chain mixed to create a mutation spike-in series that is sequenced under various prep conditions,AMPLICON,TRANSCRIPTOMIC,PCR,Paired-end,ILLUMINA,Illumina MiSeq,C9_0%C29_IVScpt_Ph15,fastq,000000000-BJJDW_S42_S54_L001_R1_001.fastq.gz,000000000-BJJDW_S42_S54_L001_R2_001.fastq.gz,MAb_Hc_Lc_reference_seq.fa
S43,S43_batch1,Targeted RNA-Seq/amplicon-seq of a mutated and a wild-type MAb Heavy Chain mixed to create a mutation spike-in series that is sequenced under various prep conditions,AMPLICON,TRANSCRIPTOMIC,PCR,Paired-end,ILLUMINA,Illumina MiSeq,C9_0.5%C29_IVScpt_Ph15,fastq,000000000-BJJDW_S43_S55_L001_R1_001.fastq.gz,000000000-BJJDW_S43_S55_L001_R2_001.fastq.gz,MAb_Hc_Lc_reference_seq.fa
S44,S44_batch1,Targeted RNA-Seq/amplicon-seq of a mutated and a wild-type MAb Heavy Chain mixed to create a mutation spike-in series that is sequenced under various prep conditions,AMPLICON,TRANSCRIPTOMIC,PCR,Paired-end,ILLUMINA,Illumina MiSeq,C9_1%C29_IVScpt_Ph15,fastq,000000000-BJJDW_S44_S56_L001_R1_001.fastq.gz,000000000-BJJDW_S44_S56_L001_R2_001.fastq.gz,MAb_Hc_Lc_reference_seq.fa
S45,S45_batch1,Targeted RNA-Seq/amplicon-seq of a mutated and a wild-type MAb Heavy Chain mixed to create a mutation spike-in series that is sequenced under various prep conditions,AMPLICON,TRANSCRIPTOMIC,PCR,Paired-end,ILLUMINA,Illumina MiSeq,C9_2%C29_IVScpt_Ph15,fastq,000000000-BJJDW_S45_S57_L001_R1_001.fastq.gz,000000000-BJJDW_S45_S57_L001_R2_001.fastq.gz,MAb_Hc_Lc_reference_seq.fa
S46,S46_batch1,Targeted RNA-Seq/amplicon-seq of a mutated and a wild-type MAb Heavy Chain mixed to create a mutation spike-in series that is sequenced under various prep conditions,AMPLICON,TRANSCRIPTOMIC,PCR,Paired-end,ILLUMINA,Illumina MiSeq,C9_5%C29_IVScpt_Ph15,fastq,000000000-BJJDW_S46_S58_L001_R1_001.fastq.gz,000000000-BJJDW_S46_S58_L001_R2_001.fastq.gz,MAb_Hc_Lc_reference_seq.fa
S47,S47_batch1,Targeted RNA-Seq/amplicon-seq of a mutated and a wild-type MAb Heavy Chain mixed to create a mutation spike-in series that is sequenced under various prep conditions,AMPLICON,TRANSCRIPTOMIC,PCR,Paired-end,ILLUMINA,Illumina MiSeq,C29_______IVScpt_Ph15,fastq,000000000-BJJDW_S47_S59_L001_R1_001.fastq.gz,000000000-BJJDW_S47_S59_L001_R2_001.fastq.gz,MAb_Hc_Lc_reference_seq.fa
S48,S48_batch1,Targeted RNA-Seq/amplicon-seq of a mutated and a wild-type MAb Heavy Chain mixed to create a mutation spike-in series that is sequenced under various prep conditions,AMPLICON,TRANSCRIPTOMIC,PCR,Paired-end,ILLUMINA,Illumina MiSeq,C9_0%C29_IIIScpt_Q20,fastq,000000000-BJJDW_S48_S60_L001_R1_001.fastq.gz,000000000-BJJDW_S48_S60_L001_R2_001.fastq.gz,MAb_Hc_Lc_reference_seq.fa
S49,S49_batch1,Targeted RNA-Seq/amplicon-seq of a mutated and a wild-type MAb Heavy Chain mixed to create a mutation spike-in series that is sequenced under various prep conditions,AMPLICON,TRANSCRIPTOMIC,PCR,Paired-end,ILLUMINA,Illumina MiSeq,C9_0.5%C29_IIIScpt_Q20,fastq,000000000-BJJDW_S49_S61_L001_R1_001.fastq.gz,000000000-BJJDW_S49_S61_L001_R2_001.fastq.gz,MAb_Hc_Lc_reference_seq.fa
S4,S4_batch1,Targeted RNA-Seq/amplicon-seq of a mutated and a wild-type MAb Heavy Chain mixed to create a mutation spike-in series that is sequenced under various prep conditions,AMPLICON,TRANSCRIPTOMIC,PCR,Paired-end,ILLUMINA,Illumina MiSeq,C9_2%C29_IIIScpt_Ph25,fastq,000000000-BJJDW_S4_S7_L001_R1_001.fastq.gz,000000000-BJJDW_S4_S7_L001_R2_001.fastq.gz,MAb_Hc_Lc_reference_seq.fa
S50,S50_batch1,Targeted RNA-Seq/amplicon-seq of a mutated and a wild-type MAb Heavy Chain mixed to create a mutation spike-in series that is sequenced under various prep conditions,AMPLICON,TRANSCRIPTOMIC,PCR,Paired-end,ILLUMINA,Illumina MiSeq,C9_1%C29_IIIScpt_Q20,fastq,000000000-BJJDW_S50_S62_L001_R1_001.fastq.gz,000000000-BJJDW_S50_S62_L001_R2_001.fastq.gz,MAb_Hc_Lc_reference_seq.fa
S51,S51_batch1,Targeted RNA-Seq/amplicon-seq of a mutated and a wild-type MAb Heavy Chain mixed to create a mutation spike-in series that is sequenced under various prep conditions,AMPLICON,TRANSCRIPTOMIC,PCR,Paired-end,ILLUMINA,Illumina MiSeq,C9_2%C29_IIIScpt_Q20,fastq,000000000-BJJDW_S51_S63_L001_R1_001.fastq.gz,000000000-BJJDW_S51_S63_L001_R2_001.fastq.gz,MAb_Hc_Lc_reference_seq.fa
S52,S52_batch1,Targeted RNA-Seq/amplicon-seq of a mutated and a wild-type MAb Heavy Chain mixed to create a mutation spike-in series that is sequenced under various prep conditions,AMPLICON,TRANSCRIPTOMIC,PCR,Paired-end,ILLUMINA,Illumina MiSeq,C9_5%C29_IIIScpt_Q20,fastq,000000000-BJJDW_S52_S64_L001_R1_001.fastq.gz,000000000-BJJDW_S52_S64_L001_R2_001.fastq.gz,MAb_Hc_Lc_reference_seq.fa
S53,S53_batch1,Targeted RNA-Seq/amplicon-seq of a mutated and a wild-type MAb Heavy Chain mixed to create a mutation spike-in series that is sequenced under various prep conditions,AMPLICON,TRANSCRIPTOMIC,PCR,Paired-end,ILLUMINA,Illumina MiSeq,C29_______IIIScpt_Q20,fastq,000000000-BJJDW_S53_S65_L001_R1_001.fastq.gz,000000000-BJJDW_S53_S65_L001_R2_001.fastq.gz,MAb_Hc_Lc_reference_seq.fa
S54,S54_batch1,Targeted RNA-Seq/amplicon-seq of a mutated and a wild-type MAb Heavy Chain mixed to create a mutation spike-in series that is sequenced under various prep conditions,AMPLICON,TRANSCRIPTOMIC,PCR,Paired-end,ILLUMINA,Illumina MiSeq,C9_0%C29_IVScpt_Q20,fastq,000000000-BJJDW_S54_S66_L001_R1_001.fastq.gz,000000000-BJJDW_S54_S66_L001_R2_001.fastq.gz,MAb_Hc_Lc_reference_seq.fa
S55,S55_batch1,Targeted RNA-Seq/amplicon-seq of a mutated and a wild-type MAb Heavy Chain mixed to create a mutation spike-in series that is sequenced under various prep conditions,AMPLICON,TRANSCRIPTOMIC,PCR,Paired-end,ILLUMINA,Illumina MiSeq,C9_0.5%C29_IVScpt_Q20,fastq,000000000-BJJDW_S55_S67_L001_R1_001.fastq.gz,000000000-BJJDW_S55_S67_L001_R2_001.fastq.gz,MAb_Hc_Lc_reference_seq.fa
S56,S56_batch1,Targeted RNA-Seq/amplicon-seq of a mutated and a wild-type MAb Heavy Chain mixed to create a mutation spike-in series that is sequenced under various prep conditions,AMPLICON,TRANSCRIPTOMIC,PCR,Paired-end,ILLUMINA,Illumina MiSeq,C9_1%C29_IVScpt_Q20,fastq,000000000-BJJDW_S56_S68_L001_R1_001.fastq.gz,000000000-BJJDW_S56_S68_L001_R2_001.fastq.gz,MAb_Hc_Lc_reference_seq.fa
S57,S57_batch1,Targeted RNA-Seq/amplicon-seq of a mutated and a wild-type MAb Heavy Chain mixed to create a mutation spike-in series that is sequenced under various prep conditions,AMPLICON,TRANSCRIPTOMIC,PCR,Paired-end,ILLUMINA,Illumina MiSeq,C9_2%C29_IVScpt_Q20,fastq,000000000-BJJDW_S57_S69_L001_R1_001.fastq.gz,000000000-BJJDW_S57_S69_L001_R2_001.fastq.gz,MAb_Hc_Lc_reference_seq.fa
S58,S58_batch1,Targeted RNA-Seq/amplicon-seq of a mutated and a wild-type MAb Heavy Chain mixed to create a mutation spike-in series that is sequenced under various prep conditions,AMPLICON,TRANSCRIPTOMIC,PCR,Paired-end,ILLUMINA,Illumina MiSeq,C9_5%C29_IVScpt_Q20,fastq,000000000-BJJDW_S58_S70_L001_R1_001.fastq.gz,000000000-BJJDW_S58_S70_L001_R2_001.fastq.gz,MAb_Hc_Lc_reference_seq.fa
S59,S59_batch1,Targeted RNA-Seq/amplicon-seq of a mutated and a wild-type MAb Heavy Chain mixed to create a mutation spike-in series that is sequenced under various prep conditions,AMPLICON,TRANSCRIPTOMIC,PCR,Paired-end,ILLUMINA,Illumina MiSeq,C29_______IVScpt_Q20,fastq,000000000-BJJDW_S59_S71_L001_R1_001.fastq.gz,000000000-BJJDW_S59_S71_L001_R2_001.fastq.gz,MAb_Hc_Lc_reference_seq.fa
S5,S5_batch1,Targeted RNA-Seq/amplicon-seq of a mutated and a wild-type MAb Heavy Chain mixed to create a mutation spike-in series that is sequenced under various prep conditions,AMPLICON,TRANSCRIPTOMIC,PCR,Paired-end,ILLUMINA,Illumina MiSeq,C9_5%C29_IIIScpt_Ph25,fastq,000000000-BJJDW_S5_S9_L001_R1_001.fastq.gz,000000000-BJJDW_S5_S9_L001_R2_001.fastq.gz,MAb_Hc_Lc_reference_seq.fa
S6,S6_batch1,Targeted RNA-Seq/amplicon-seq of a mutated and a wild-type MAb Heavy Chain mixed to create a mutation spike-in series that is sequenced under various prep conditions,AMPLICON,TRANSCRIPTOMIC,PCR,Paired-end,ILLUMINA,Illumina MiSeq,C29_______IIIScpt_Ph25,fastq,000000000-BJJDW_S6_S11_L001_R1_001.fastq.gz,000000000-BJJDW_S6_S11_L001_R2_001.fastq.gz,MAb_Hc_Lc_reference_seq.fa
S7,S7_batch1,Targeted RNA-Seq/amplicon-seq of a mutated and a wild-type MAb Heavy Chain mixed to create a mutation spike-in series that is sequenced under various prep conditions,AMPLICON,TRANSCRIPTOMIC,PCR,Paired-end,ILLUMINA,Illumina MiSeq,C9_0%C29_IVScpt_Ph25,fastq,000000000-BJJDW_S7_S14_L001_R1_001.fastq.gz,000000000-BJJDW_S7_S14_L001_R2_001.fastq.gz,MAb_Hc_Lc_reference_seq.fa
S8,S8_batch1,Targeted RNA-Seq/amplicon-seq of a mutated and a wild-type MAb Heavy Chain mixed to create a mutation spike-in series that is sequenced under various prep conditions,AMPLICON,TRANSCRIPTOMIC,PCR,Paired-end,ILLUMINA,Illumina MiSeq,C9_0.5%C29_IVScpt_Ph25,fastq,000000000-BJJDW_S8_S16_L001_R1_001.fastq.gz,000000000-BJJDW_S8_S16_L001_R2_001.fastq.gz,MAb_Hc_Lc_reference_seq.fa
S9,S9_batch1,Targeted RNA-Seq/amplicon-seq of a mutated and a wild-type MAb Heavy Chain mixed to create a mutation spike-in series that is sequenced under various prep conditions,AMPLICON,TRANSCRIPTOMIC,PCR,Paired-end,ILLUMINA,Illumina MiSeq,C9_1%C29_IVScpt_Ph25,fastq,000000000-BJJDW_S9_S18_L001_R1_001.fastq.gz,000000000-BJJDW_S9_S18_L001_R2_001.fastq.gz,MAb_Hc_Lc_reference_seq.fa
S10_NXT,S10-NexteraXT_batch1,Targeted RNA-Seq/amplicon-seq of a mutated and a wild-type MAb Heavy Chain mixed to create a mutation spike-in series that is sequenced under various prep conditions,AMPLICON,TRANSCRIPTOMIC,PCR,Paired-end,ILLUMINA,Illumina MiSeq,C9_2%C29_IVScpt_Ph25_NXT,fastq,000000000-BJJDW_S10-NexteraXT_S19_L001_R1_001.fastq.gz,000000000-BJJDW_S10-NexteraXT_S19_L001_R2_001.fastq.gz,MAb_Hc_Lc_reference_seq.fa
S11_NXT,S11-NexteraXT_batch1,Targeted RNA-Seq/amplicon-seq of a mutated and a wild-type MAb Heavy Chain mixed to create a mutation spike-in series that is sequenced under various prep conditions,AMPLICON,TRANSCRIPTOMIC,PCR,Paired-end,ILLUMINA,Illumina MiSeq,C9_5%C29_IVScpt_Ph25_NXT,fastq,000000000-BJJDW_S11-NexteraXT_S21_L001_R1_001.fastq.gz,000000000-BJJDW_S11-NexteraXT_S21_L001_R2_001.fastq.gz,MAb_Hc_Lc_reference_seq.fa
S12_NXT,S12-NexteraXT_batch1,Targeted RNA-Seq/amplicon-seq of a mutated and a wild-type MAb Heavy Chain mixed to create a mutation spike-in series that is sequenced under various prep conditions,AMPLICON,TRANSCRIPTOMIC,PCR,Paired-end,ILLUMINA,Illumina MiSeq,C29_______IVScpt_Ph25_NXT,fastq,000000000-BJJDW_S12-NexteraXT_S24_L001_R1_001.fastq.gz,000000000-BJJDW_S12-NexteraXT_S24_L001_R2_001.fastq.gz,MAb_Hc_Lc_reference_seq.fa
S1_NXT,S1-NexteraXT_batch1,Targeted RNA-Seq/amplicon-seq of a mutated and a wild-type MAb Heavy Chain mixed to create a mutation spike-in series that is sequenced under various prep conditions,AMPLICON,TRANSCRIPTOMIC,PCR,Paired-end,ILLUMINA,Illumina MiSeq,C9_0%C29_IIIScpt_Ph25_NXT,fastq,000000000-BJJDW_S1-NexteraXT_S1_L001_R1_001.fastq.gz,000000000-BJJDW_S1-NexteraXT_S1_L001_R2_001.fastq.gz,MAb_Hc_Lc_reference_seq.fa
S2_NXT,S2-NexteraXT_batch1,Targeted RNA-Seq/amplicon-seq of a mutated and a wild-type MAb Heavy Chain mixed to create a mutation spike-in series that is sequenced under various prep conditions,AMPLICON,TRANSCRIPTOMIC,PCR,Paired-end,ILLUMINA,Illumina MiSeq,C9_0.5%C29_IIIScpt_Ph25_NXT,fastq,000000000-BJJDW_S2-NexteraXT_S4_L001_R1_001.fastq.gz,000000000-BJJDW_S2-NexteraXT_S4_L001_R2_001.fastq.gz,MAb_Hc_Lc_reference_seq.fa
S3_NXT,S3-NexteraXT_batch1,Targeted RNA-Seq/amplicon-seq of a mutated and a wild-type MAb Heavy Chain mixed to create a mutation spike-in series that is sequenced under various prep conditions,AMPLICON,TRANSCRIPTOMIC,PCR,Paired-end,ILLUMINA,Illumina MiSeq,C9_1%C29_IIIScpt_Ph25_NXT,fastq,000000000-BJJDW_S3-NexteraXT_S5_L001_R1_001.fastq.gz,000000000-BJJDW_S3-NexteraXT_S5_L001_R2_001.fastq.gz,MAb_Hc_Lc_reference_seq.fa
S4_NXT,S4-NexteraXT_batch1,Targeted RNA-Seq/amplicon-seq of a mutated and a wild-type MAb Heavy Chain mixed to create a mutation spike-in series that is sequenced under various prep conditions,AMPLICON,TRANSCRIPTOMIC,PCR,Paired-end,ILLUMINA,Illumina MiSeq,C9_2%C29_IIIScpt_Ph25_NXT,fastq,000000000-BJJDW_S4-NexteraXT_S8_L001_R1_001.fastq.gz,000000000-BJJDW_S4-NexteraXT_S8_L001_R2_001.fastq.gz,MAb_Hc_Lc_reference_seq.fa
S5_NXT,S5-NexteraXT_batch1,Targeted RNA-Seq/amplicon-seq of a mutated and a wild-type MAb Heavy Chain mixed to create a mutation spike-in series that is sequenced under various prep conditions,AMPLICON,TRANSCRIPTOMIC,PCR,Paired-end,ILLUMINA,Illumina MiSeq,C9_5%C29_IIIScpt_Ph25_NXT,fastq,000000000-BJJDW_S5-NexteraXT_S10_L001_R1_001.fastq.gz,000000000-BJJDW_S5-NexteraXT_S10_L001_R2_001.fastq.gz,MAb_Hc_Lc_reference_seq.fa
S6_NXT,S6-NexteraXT_batch1,Targeted RNA-Seq/amplicon-seq of a mutated and a wild-type MAb Heavy Chain mixed to create a mutation spike-in series that is sequenced under various prep conditions,AMPLICON,TRANSCRIPTOMIC,PCR,Paired-end,ILLUMINA,Illumina MiSeq,C29_______IIIScpt_Ph25_NXT,fastq,000000000-BJJDW_S6-NexteraXT_S12_L001_R1_001.fastq.gz,000000000-BJJDW_S6-NexteraXT_S12_L001_R2_001.fastq.gz,MAb_Hc_Lc_reference_seq.fa
S7_NXT,S7-NexteraXT_batch1,Targeted RNA-Seq/amplicon-seq of a mutated and a wild-type MAb Heavy Chain mixed to create a mutation spike-in series that is sequenced under various prep conditions,AMPLICON,TRANSCRIPTOMIC,PCR,Paired-end,ILLUMINA,Illumina MiSeq,C9_0%C29_IVScpt_Ph25_NXT,fastq,000000000-BJJDW_S7-NexteraXT_S13_L001_R1_001.fastq.gz,000000000-BJJDW_S7-NexteraXT_S13_L001_R2_001.fastq.gz,MAb_Hc_Lc_reference_seq.fa
S8_NXT,S8-NexteraXT_batch1,Targeted RNA-Seq/amplicon-seq of a mutated and a wild-type MAb Heavy Chain mixed to create a mutation spike-in series that is sequenced under various prep conditions,AMPLICON,TRANSCRIPTOMIC,PCR,Paired-end,ILLUMINA,Illumina MiSeq,C9_0.5%C29_IVScpt_Ph25_NXT,fastq,000000000-BJJDW_S8-NexteraXT_S15_L001_R1_001.fastq.gz,000000000-BJJDW_S8-NexteraXT_S15_L001_R2_001.fastq.gz,MAb_Hc_Lc_reference_seq.fa
S9_NXT,S9-NexteraXT_batch1,Targeted RNA-Seq/amplicon-seq of a mutated and a wild-type MAb Heavy Chain mixed to create a mutation spike-in series that is sequenced under various prep conditions,AMPLICON,TRANSCRIPTOMIC,PCR,Paired-end,ILLUMINA,Illumina MiSeq,C9_1%C29_IVScpt_Ph25_NXT,fastq,000000000-BJJDW_S9-NexteraXT_S17_L001_R1_001.fastq.gz,000000000-BJJDW_S9-NexteraXT_S17_L001_R2_001.fastq.gz,MAb_Hc_Lc_reference_seq.fa
S1-KAPA,S1-KAPA_batch2,Targeted RNA-Seq/amplicon-seq of a mutated and a wild-type MAb Heavy Chain mixed to create a mutation spike-in series that is sequenced under various prep conditions,AMPLICON,TRANSCRIPTOMIC,PCR,Paired-end,ILLUMINA,Illumina MiSeq,C9_0%C29_IVScpt_Ph20_Kap,fastq,S1-KAPA_S39_L001_R1_001.fastq.gz,S1-KAPA_S39_L001_R2_001.fastq.gz,MAb_Hc_Lc_reference_seq.fa
S1-QIAseq,S1-QIAseq_batch2,Targeted RNA-Seq/amplicon-seq of a mutated and a wild-type MAb Heavy Chain mixed to create a mutation spike-in series that is sequenced under various prep conditions,AMPLICON,TRANSCRIPTOMIC,PCR,Paired-end,ILLUMINA,Illumina MiSeq,C9_0%C29_IVScpt_Ph20_FX,fastq,S1-QIAseq_S1_L001_R1_001.fastq.gz,S1-QIAseq_S1_L001_R2_001.fastq.gz,MAb_Hc_Lc_reference_seq.fa
S1-TruSeq,S1-TruSeq_batch2,Targeted RNA-Seq/amplicon-seq of a mutated and a wild-type MAb Heavy Chain mixed to create a mutation spike-in series that is sequenced under various prep conditions,AMPLICON,TRANSCRIPTOMIC,PCR,Paired-end,ILLUMINA,Illumina MiSeq,C9_0%C29_IVScpt_Ph20_Tru,fastq,S1-TruSeq_S20_L001_R1_001.fastq.gz,S1-TruSeq_S20_L001_R2_001.fastq.gz,MAb_Hc_Lc_reference_seq.fa
S2-KAPA,S2-KAPA_batch2,Targeted RNA-Seq/amplicon-seq of a mutated and a wild-type MAb Heavy Chain mixed to create a mutation spike-in series that is sequenced under various prep conditions,AMPLICON,TRANSCRIPTOMIC,PCR,Paired-end,ILLUMINA,Illumina MiSeq,C9_0.5%C29_IVScpt_Ph20_Kap,fastq,S2-KAPA_S40_L001_R1_001.fastq.gz,S2-KAPA_S40_L001_R2_001.fastq.gz,MAb_Hc_Lc_reference_seq.fa
S2-QIAseq,S2-QIAseq_batch2,Targeted RNA-Seq/amplicon-seq of a mutated and a wild-type MAb Heavy Chain mixed to create a mutation spike-in series that is sequenced under various prep conditions,AMPLICON,TRANSCRIPTOMIC,PCR,Paired-end,ILLUMINA,Illumina MiSeq,C9_0.5%C29_IVScpt_Ph20_FX,fastq,S2-QIAseq_S2_L001_R1_001.fastq.gz,S2-QIAseq_S2_L001_R2_001.fastq.gz,MAb_Hc_Lc_reference_seq.fa
S2-TruSeq,S2-TruSeq_batch2,Targeted RNA-Seq/amplicon-seq of a mutated and a wild-type MAb Heavy Chain mixed to create a mutation spike-in series that is sequenced under various prep conditions,AMPLICON,TRANSCRIPTOMIC,PCR,Paired-end,ILLUMINA,Illumina MiSeq,C9_0.5%C29_IVScpt_Ph20_Tru,fastq,S2-TruSeq_S21_L001_R1_001.fastq.gz,S2-TruSeq_S21_L001_R2_001.fastq.gz,MAb_Hc_Lc_reference_seq.fa
S3-KAPA,S3-KAPA_batch2,Targeted RNA-Seq/amplicon-seq of a mutated and a wild-type MAb Heavy Chain mixed to create a mutation spike-in series that is sequenced under various prep conditions,AMPLICON,TRANSCRIPTOMIC,PCR,Paired-end,ILLUMINA,Illumina MiSeq,C9%C29_IVScpt_Ph20_Kap,fastq,S3-KAPA_S41_L001_R1_001.fastq.gz,S3-KAPA_S41_L001_R2_001.fastq.gz,MAb_Hc_Lc_reference_seq.fa
S3-QIAseq,S3-QIAseq_batch2,Targeted RNA-Seq/amplicon-seq of a mutated and a wild-type MAb Heavy Chain mixed to create a mutation spike-in series that is sequenced under various prep conditions,AMPLICON,TRANSCRIPTOMIC,PCR,Paired-end,ILLUMINA,Illumina MiSeq,C9%C29_IVScpt_Ph20_FX,fastq,S3-QIAseq_S3_L001_R1_001.fastq.gz,S3-QIAseq_S3_L001_R2_001.fastq.gz,MAb_Hc_Lc_reference_seq.fa
S3-TruSeq,S3-TruSeq_batch2,Targeted RNA-Seq/amplicon-seq of a mutated and a wild-type MAb Heavy Chain mixed to create a mutation spike-in series that is sequenced under various prep conditions,AMPLICON,TRANSCRIPTOMIC,PCR,Paired-end,ILLUMINA,Illumina MiSeq,C9%C29_IVScpt_Ph20_Tru,fastq,S3-TruSeq_S22_L001_R1_001.fastq.gz,S3-TruSeq_S22_L001_R2_001.fastq.gz,MAb_Hc_Lc_reference_seq.fa
S4-KAPA,S4-KAPA_batch2,Targeted RNA-Seq/amplicon-seq of a mutated and a wild-type MAb Heavy Chain mixed to create a mutation spike-in series that is sequenced under various prep conditions,AMPLICON,TRANSCRIPTOMIC,PCR,Paired-end,ILLUMINA,Illumina MiSeq,C9_2%C29_IVScpt_Ph20_Kap,fastq,S4-KAPA_S42_L001_R1_001.fastq.gz,S4-KAPA_S42_L001_R2_001.fastq.gz,MAb_Hc_Lc_reference_seq.fa
S4-QIAseq,S4-QIAseq_batch2,Targeted RNA-Seq/amplicon-seq of a mutated and a wild-type MAb Heavy Chain mixed to create a mutation spike-in series that is sequenced under various prep conditions,AMPLICON,TRANSCRIPTOMIC,PCR,Paired-end,ILLUMINA,Illumina MiSeq,C9_2%C29_IVScpt_Ph20_FX,fastq,S4-QIAseq_S4_L001_R1_001.fastq.gz,S4-QIAseq_S4_L001_R2_001.fastq.gz,MAb_Hc_Lc_reference_seq.fa
S4-TruSeq,S4-TruSeq_batch2,Targeted RNA-Seq/amplicon-seq of a mutated and a wild-type MAb Heavy Chain mixed to create a mutation spike-in series that is sequenced under various prep conditions,AMPLICON,TRANSCRIPTOMIC,PCR,Paired-end,ILLUMINA,Illumina MiSeq,C9_2%C29_IVScpt_Ph20_Tru,fastq,S4-TruSeq_S23_L001_R1_001.fastq.gz,S4-TruSeq_S23_L001_R2_001.fastq.gz,MAb_Hc_Lc_reference_seq.fa
S5-KAPA,S5-KAPA_batch2,Targeted RNA-Seq/amplicon-seq of a mutated and a wild-type MAb Heavy Chain mixed to create a mutation spike-in series that is sequenced under various prep conditions,AMPLICON,TRANSCRIPTOMIC,PCR,Paired-end,ILLUMINA,Illumina MiSeq,C29_______IVScpt_Ph20_Kap,fastq,S5-KAPA_S43_L001_R1_001.fastq.gz,S5-KAPA_S43_L001_R2_001.fastq.gz,MAb_Hc_Lc_reference_seq.fa
S5-QIAseq,S5-QIAseq_batch2,Targeted RNA-Seq/amplicon-seq of a mutated and a wild-type MAb Heavy Chain mixed to create a mutation spike-in series that is sequenced under various prep conditions,AMPLICON,TRANSCRIPTOMIC,PCR,Paired-end,ILLUMINA,Illumina MiSeq,C29_______IVScpt_Ph20_FX,fastq,S5-QIAseq_S5_L001_R1_001.fastq.gz,S5-QIAseq_S5_L001_R2_001.fastq.gz,MAb_Hc_Lc_reference_seq.fa
S5-TruSeq,S5-TruSeq_batch2,Targeted RNA-Seq/amplicon-seq of a mutated and a wild-type MAb Heavy Chain mixed to create a mutation spike-in series that is sequenced under various prep conditions,AMPLICON,TRANSCRIPTOMIC,PCR,Paired-end,ILLUMINA,Illumina MiSeq,C29_______IVScpt_Ph20_Tru,fastq,S5-TruSeq_S24_L001_R1_001.fastq.gz,S5-TruSeq_S24_L001_R2_001.fastq.gz,MAb_Hc_Lc_reference_seq.fa
S6-KAPA,S6-KAPA_batch2,Targeted RNA-Seq/amplicon-seq of a mutated and a wild-type MAb Heavy Chain mixed to create a mutation spike-in series that is sequenced under various prep conditions,AMPLICON,TRANSCRIPTOMIC,PCR,Paired-end,ILLUMINA,Illumina MiSeq,C9_0%C29_IVScpt_Ph15_Kap,fastq,S6-KAPA_S44_L001_R1_001.fastq.gz,S6-KAPA_S44_L001_R2_001.fastq.gz,MAb_Hc_Lc_reference_seq.fa
S6-QIAseq,S6-QIAseq_batch2,Targeted RNA-Seq/amplicon-seq of a mutated and a wild-type MAb Heavy Chain mixed to create a mutation spike-in series that is sequenced under various prep conditions,AMPLICON,TRANSCRIPTOMIC,PCR,Paired-end,ILLUMINA,Illumina MiSeq,C9_0%C29_IVScpt_Ph15_FX,fastq,S6-QIAseq_S6_L001_R1_001.fastq.gz,S6-QIAseq_S6_L001_R2_001.fastq.gz,MAb_Hc_Lc_reference_seq.fa
S6-TruSeq,S6-TruSeq_batch2,Targeted RNA-Seq/amplicon-seq of a mutated and a wild-type MAb Heavy Chain mixed to create a mutation spike-in series that is sequenced under various prep conditions,AMPLICON,TRANSCRIPTOMIC,PCR,Paired-end,ILLUMINA,Illumina MiSeq,C9_0%C29_IVScpt_Ph15_Tru,fastq,S6-TruSeq_S25_L001_R1_001.fastq.gz,S6-TruSeq_S25_L001_R2_001.fastq.gz,MAb_Hc_Lc_reference_seq.fa
S7-KAPA,S7-KAPA_batch2,Targeted RNA-Seq/amplicon-seq of a mutated and a wild-type MAb Heavy Chain mixed to create a mutation spike-in series that is sequenced under various prep conditions,AMPLICON,TRANSCRIPTOMIC,PCR,Paired-end,ILLUMINA,Illumina MiSeq,C9_0.5%C29_IVScpt_Ph15_Kap,fastq,S7-KAPA_S45_L001_R1_001.fastq.gz,S7-KAPA_S45_L001_R2_001.fastq.gz,MAb_Hc_Lc_reference_seq.fa
S7-QIAseq,S7-QIAseq_batch2,Targeted RNA-Seq/amplicon-seq of a mutated and a wild-type MAb Heavy Chain mixed to create a mutation spike-in series that is sequenced under various prep conditions,AMPLICON,TRANSCRIPTOMIC,PCR,Paired-end,ILLUMINA,Illumina MiSeq,C9_0.5%C29_IVScpt_Ph15_FX,fastq,S7-QIAseq_S7_L001_R1_001.fastq.gz,S7-QIAseq_S7_L001_R2_001.fastq.gz,MAb_Hc_Lc_reference_seq.fa
S7-TruSeq,S7-TruSeq_batch2,Targeted RNA-Seq/amplicon-seq of a mutated and a wild-type MAb Heavy Chain mixed to create a mutation spike-in series that is sequenced under various prep conditions,AMPLICON,TRANSCRIPTOMIC,PCR,Paired-end,ILLUMINA,Illumina MiSeq,C9_0.5%C29_IVScpt_Ph15_Tru,fastq,S7-TruSeq_S26_L001_R1_001.fastq.gz,S7-TruSeq_S26_L001_R2_001.fastq.gz,MAb_Hc_Lc_reference_seq.fa
S8-KAPA,S8-KAPA_batch2,Targeted RNA-Seq/amplicon-seq of a mutated and a wild-type MAb Heavy Chain mixed to create a mutation spike-in series that is sequenced under various prep conditions,AMPLICON,TRANSCRIPTOMIC,PCR,Paired-end,ILLUMINA,Illumina MiSeq,C9%C29_IVScpt_Ph15_Kap,fastq,S8-KAPA_S46_L001_R1_001.fastq.gz,S8-KAPA_S46_L001_R2_001.fastq.gz,MAb_Hc_Lc_reference_seq.fa
S8-QIAseq,S8-QIAseq_batch2,Targeted RNA-Seq/amplicon-seq of a mutated and a wild-type MAb Heavy Chain mixed to create a mutation spike-in series that is sequenced under various prep conditions,AMPLICON,TRANSCRIPTOMIC,PCR,Paired-end,ILLUMINA,Illumina MiSeq,C9%C29_IVScpt_Ph15_FX,fastq,S8-QIAseq_S8_L001_R1_001.fastq.gz,S8-QIAseq_S8_L001_R2_001.fastq.gz,MAb_Hc_Lc_reference_seq.fa
S8-TruSeq,S8-TruSeq_batch2,Targeted RNA-Seq/amplicon-seq of a mutated and a wild-type MAb Heavy Chain mixed to create a mutation spike-in series that is sequenced under various prep conditions,AMPLICON,TRANSCRIPTOMIC,PCR,Paired-end,ILLUMINA,Illumina MiSeq,C9%C29_IVScpt_Ph15_Tru,fastq,S8-TruSeq_S27_L001_R1_001.fastq.gz,S8-TruSeq_S27_L001_R2_001.fastq.gz,MAb_Hc_Lc_reference_seq.fa
S9-KAPA,S9-KAPA_batch2,Targeted RNA-Seq/amplicon-seq of a mutated and a wild-type MAb Heavy Chain mixed to create a mutation spike-in series that is sequenced under various prep conditions,AMPLICON,TRANSCRIPTOMIC,PCR,Paired-end,ILLUMINA,Illumina MiSeq,C9_2%C29_IVScpt_Ph15_Kap,fastq,S9-KAPA_S47_L001_R1_001.fastq.gz,S9-KAPA_S47_L001_R2_001.fastq.gz,MAb_Hc_Lc_reference_seq.fa
S9-QIAseq,S9-QIAseq_batch2,Targeted RNA-Seq/amplicon-seq of a mutated and a wild-type MAb Heavy Chain mixed to create a mutation spike-in series that is sequenced under various prep conditions,AMPLICON,TRANSCRIPTOMIC,PCR,Paired-end,ILLUMINA,Illumina MiSeq,C9_2%C29_IVScpt_Ph15_FX,fastq,S9-QIAseq_S9_L001_R1_001.fastq.gz,S9-QIAseq_S9_L001_R2_001.fastq.gz,MAb_Hc_Lc_reference_seq.fa
S9-TruSeq,S9-TruSeq_batch2,Targeted RNA-Seq/amplicon-seq of a mutated and a wild-type MAb Heavy Chain mixed to create a mutation spike-in series that is sequenced under various prep conditions,AMPLICON,TRANSCRIPTOMIC,PCR,Paired-end,ILLUMINA,Illumina MiSeq,C9_2%C29_IVScpt_Ph15_Tru,fastq,S9-TruSeq_S28_L001_R1_001.fastq.gz,S9-TruSeq_S28_L001_R2_001.fastq.gz,MAb_Hc_Lc_reference_seq.fa
S10-KAPA,S10-KAPA_batch2,Targeted RNA-Seq/amplicon-seq of a mutated and a wild-type MAb Heavy Chain mixed to create a mutation spike-in series that is sequenced under various prep conditions,AMPLICON,TRANSCRIPTOMIC,PCR,Paired-end,ILLUMINA,Illumina MiSeq,C29_______IVScpt_Ph15_Kap,fastq,S10-KAPA_S48_L001_R1_001.fastq.gz,S10-KAPA_S48_L001_R2_001.fastq.gz,MAb_Hc_Lc_reference_seq.fa
S10-QIAseq,S10-QIAseq_batch2,Targeted RNA-Seq/amplicon-seq of a mutated and a wild-type MAb Heavy Chain mixed to create a mutation spike-in series that is sequenced under various prep conditions,AMPLICON,TRANSCRIPTOMIC,PCR,Paired-end,ILLUMINA,Illumina MiSeq,C29_______IVScpt_Ph15_FX,fastq,S10-QIAseq_S10_L001_R1_001.fastq.gz,S10-QIAseq_S10_L001_R2_001.fastq.gz,MAb_Hc_Lc_reference_seq.fa
S10-TruSeq,S10-TruSeq_batch2,Targeted RNA-Seq/amplicon-seq of a mutated and a wild-type MAb Heavy Chain mixed to create a mutation spike-in series that is sequenced under various prep conditions,AMPLICON,TRANSCRIPTOMIC,PCR,Paired-end,ILLUMINA,Illumina MiSeq,C29_______IVScpt_Ph15_Tru,fastq,S10-TruSeq_S29_L001_R1_001.fastq.gz,S10-TruSeq_S29_L001_R2_001.fastq.gz,MAb_Hc_Lc_reference_seq.fa
S1-KAPA,S1-KAPA_batch2.techRep,Targeted RNA-Seq/amplicon-seq of a mutated and a wild-type MAb Heavy Chain mixed to create a mutation spike-in series that is sequenced under various prep conditions,AMPLICON,TRANSCRIPTOMIC,PCR,Paired-end,ILLUMINA,Illumina MiSeq,C9_0%C29_IVScpt_Ph20_Kap,fastq,S11-KAPA_S49_L001_R1_001.fastq.gz,S11-KAPA_S49_L001_R2_001.fastq.gz,MAb_Hc_Lc_reference_seq.fa
S1-QIAseq,S1-QIAseq_batch2.techRep,Targeted RNA-Seq/amplicon-seq of a mutated and a wild-type MAb Heavy Chain mixed to create a mutation spike-in series that is sequenced under various prep conditions,AMPLICON,TRANSCRIPTOMIC,PCR,Paired-end,ILLUMINA,Illumina MiSeq,C9_0%C29_IVScpt_Ph20_FX,fastq,S11-QIAseq_S11_L001_R1_001.fastq.gz,S11-QIAseq_S11_L001_R2_001.fastq.gz,MAb_Hc_Lc_reference_seq.fa
S1-TruSeq,S1-TruSeq_batch2.techRep,Targeted RNA-Seq/amplicon-seq of a mutated and a wild-type MAb Heavy Chain mixed to create a mutation spike-in series that is sequenced under various prep conditions,AMPLICON,TRANSCRIPTOMIC,PCR,Paired-end,ILLUMINA,Illumina MiSeq,C9_0%C29_IVScpt_Ph20_Tru,fastq,S11-TruSeq_S30_L001_R1_001.fastq.gz,S11-TruSeq_S30_L001_R2_001.fastq.gz,MAb_Hc_Lc_reference_seq.fa
S2-KAPA,S2-KAPA_batch2.techRep,Targeted RNA-Seq/amplicon-seq of a mutated and a wild-type MAb Heavy Chain mixed to create a mutation spike-in series that is sequenced under various prep conditions,AMPLICON,TRANSCRIPTOMIC,PCR,Paired-end,ILLUMINA,Illumina MiSeq,C9_0.5%C29_IVScpt_Ph20_Kap,fastq,S12-KAPA_S50_L001_R1_001.fastq.gz,S12-KAPA_S50_L001_R2_001.fastq.gz,MAb_Hc_Lc_reference_seq.fa
S2-QIAseq,S2-QIAseq_batch2.techRep,Targeted RNA-Seq/amplicon-seq of a mutated and a wild-type MAb Heavy Chain mixed to create a mutation spike-in series that is sequenced under various prep conditions,AMPLICON,TRANSCRIPTOMIC,PCR,Paired-end,ILLUMINA,Illumina MiSeq,C9_0.5%C29_IVScpt_Ph20_FX,fastq,S12-QIAseq_S12_L001_R1_001.fastq.gz,S12-QIAseq_S12_L001_R2_001.fastq.gz,MAb_Hc_Lc_reference_seq.fa
S2-TruSeq,S2-TruSeq_batch2.techRep,Targeted RNA-Seq/amplicon-seq of a mutated and a wild-type MAb Heavy Chain mixed to create a mutation spike-in series that is sequenced under various prep conditions,AMPLICON,TRANSCRIPTOMIC,PCR,Paired-end,ILLUMINA,Illumina MiSeq,C9_0.5%C29_IVScpt_Ph20_Tru,fastq,S12-TruSeq_S31_L001_R1_001.fastq.gz,S12-TruSeq_S31_L001_R2_001.fastq.gz,MAb_Hc_Lc_reference_seq.fa
S3-KAPA,S3-KAPA_batch2.techRep,Targeted RNA-Seq/amplicon-seq of a mutated and a wild-type MAb Heavy Chain mixed to create a mutation spike-in series that is sequenced under various prep conditions,AMPLICON,TRANSCRIPTOMIC,PCR,Paired-end,ILLUMINA,Illumina MiSeq,C9%C29_IVScpt_Ph20_Kap,fastq,S13-KAPA_S51_L001_R1_001.fastq.gz,S13-KAPA_S51_L001_R2_001.fastq.gz,MAb_Hc_Lc_reference_seq.fa
S3-QIAseq,S3-QIAseq_batch2.techRep,Targeted RNA-Seq/amplicon-seq of a mutated and a wild-type MAb Heavy Chain mixed to create a mutation spike-in series that is sequenced under various prep conditions,AMPLICON,TRANSCRIPTOMIC,PCR,Paired-end,ILLUMINA,Illumina MiSeq,C9%C29_IVScpt_Ph20_FX,fastq,S13-QIAseq_S13_L001_R1_001.fastq.gz,S13-QIAseq_S13_L001_R2_001.fastq.gz,MAb_Hc_Lc_reference_seq.fa
S3-TruSeq,S3-TruSeq_batch2.techRep,Targeted RNA-Seq/amplicon-seq of a mutated and a wild-type MAb Heavy Chain mixed to create a mutation spike-in series that is sequenced under various prep conditions,AMPLICON,TRANSCRIPTOMIC,PCR,Paired-end,ILLUMINA,Illumina MiSeq,C9%C29_IVScpt_Ph20_Tru,fastq,S13-TruSeq_S32_L001_R1_001.fastq.gz,S13-TruSeq_S32_L001_R2_001.fastq.gz,MAb_Hc_Lc_reference_seq.fa
S4-KAPA,S4-KAPA_batch2.techRep,Targeted RNA-Seq/amplicon-seq of a mutated and a wild-type MAb Heavy Chain mixed to create a mutation spike-in series that is sequenced under various prep conditions,AMPLICON,TRANSCRIPTOMIC,PCR,Paired-end,ILLUMINA,Illumina MiSeq,C9_2%C29_IVScpt_Ph20_Kap,fastq,S14-KAPA_S52_L001_R1_001.fastq.gz,S14-KAPA_S52_L001_R2_001.fastq.gz,MAb_Hc_Lc_reference_seq.fa
S4-QIAseq,S4-QIAseq_batch2.techRep,Targeted RNA-Seq/amplicon-seq of a mutated and a wild-type MAb Heavy Chain mixed to create a mutation spike-in series that is sequenced under various prep conditions,AMPLICON,TRANSCRIPTOMIC,PCR,Paired-end,ILLUMINA,Illumina MiSeq,C9_2%C29_IVScpt_Ph20_FX,fastq,S14-QIAseq_S14_L001_R1_001.fastq.gz,S14-QIAseq_S14_L001_R2_001.fastq.gz,MAb_Hc_Lc_reference_seq.fa
S4-TruSeq,S4-TruSeq_batch2.techRep,Targeted RNA-Seq/amplicon-seq of a mutated and a wild-type MAb Heavy Chain mixed to create a mutation spike-in series that is sequenced under various prep conditions,AMPLICON,TRANSCRIPTOMIC,PCR,Paired-end,ILLUMINA,Illumina MiSeq,C9_2%C29_IVScpt_Ph20_Tru,fastq,S14-TruSeq_S33_L001_R1_001.fastq.gz,S14-TruSeq_S33_L001_R2_001.fastq.gz,MAb_Hc_Lc_reference_seq.fa
S6-KAPA,S6-KAPA_batch2.techRep,Targeted RNA-Seq/amplicon-seq of a mutated and a wild-type MAb Heavy Chain mixed to create a mutation spike-in series that is sequenced under various prep conditions,AMPLICON,TRANSCRIPTOMIC,PCR,Paired-end,ILLUMINA,Illumina MiSeq,C9_0%C29_IVScpt_Ph15_Kap,fastq,S16-KAPA_S54_L001_R1_001.fastq.gz,S16-KAPA_S54_L001_R2_001.fastq.gz,MAb_Hc_Lc_reference_seq.fa
S6-QIAseq,S6-QIAseq_batch2.techRep,Targeted RNA-Seq/amplicon-seq of a mutated and a wild-type MAb Heavy Chain mixed to create a mutation spike-in series that is sequenced under various prep conditions,AMPLICON,TRANSCRIPTOMIC,PCR,Paired-end,ILLUMINA,Illumina MiSeq,C9_0%C29_IVScpt_Ph15_FX,fastq,S16-QIAseq_S16_L001_R1_001.fastq.gz,S16-QIAseq_S16_L001_R2_001.fastq.gz,MAb_Hc_Lc_reference_seq.fa
S6-TruSeq,S6-TruSeq_batch2.techRep,Targeted RNA-Seq/amplicon-seq of a mutated and a wild-type MAb Heavy Chain mixed to create a mutation spike-in series that is sequenced under various prep conditions,AMPLICON,TRANSCRIPTOMIC,PCR,Paired-end,ILLUMINA,Illumina MiSeq,C9_0%C29_IVScpt_Ph15_Tru,fastq,S16-TruSeq_S35_L001_R1_001.fastq.gz,S16-TruSeq_S35_L001_R2_001.fastq.gz,MAb_Hc_Lc_reference_seq.fa
S7-KAPA,S7-KAPA_batch2.techRep,Targeted RNA-Seq/amplicon-seq of a mutated and a wild-type MAb Heavy Chain mixed to create a mutation spike-in series that is sequenced under various prep conditions,AMPLICON,TRANSCRIPTOMIC,PCR,Paired-end,ILLUMINA,Illumina MiSeq,C9_0.5%C29_IVScpt_Ph15_Kap,fastq,S17-KAPA_S55_L001_R1_001.fastq.gz,S17-KAPA_S55_L001_R2_001.fastq.gz,MAb_Hc_Lc_reference_seq.fa
S7-QIAseq,S7-QIAseq_batch2.techRep,Targeted RNA-Seq/amplicon-seq of a mutated and a wild-type MAb Heavy Chain mixed to create a mutation spike-in series that is sequenced under various prep conditions,AMPLICON,TRANSCRIPTOMIC,PCR,Paired-end,ILLUMINA,Illumina MiSeq,C9_0.5%C29_IVScpt_Ph15_FX,fastq,S17-QIAseq_S17_L001_R1_001.fastq.gz,S17-QIAseq_S17_L001_R2_001.fastq.gz,MAb_Hc_Lc_reference_seq.fa
S7-TruSeq,S7-TruSeq_batch2.techRep,Targeted RNA-Seq/amplicon-seq of a mutated and a wild-type MAb Heavy Chain mixed to create a mutation spike-in series that is sequenced under various prep conditions,AMPLICON,TRANSCRIPTOMIC,PCR,Paired-end,ILLUMINA,Illumina MiSeq,C9_0.5%C29_IVScpt_Ph15_Tru,fastq,S17-TruSeq_S36_L001_R1_001.fastq.gz,S17-TruSeq_S36_L001_R2_001.fastq.gz,MAb_Hc_Lc_reference_seq.fa
S8-KAPA,S8-KAPA_batch2.techRep,Targeted RNA-Seq/amplicon-seq of a mutated and a wild-type MAb Heavy Chain mixed to create a mutation spike-in series that is sequenced under various prep conditions,AMPLICON,TRANSCRIPTOMIC,PCR,Paired-end,ILLUMINA,Illumina MiSeq,C9%C29_IVScpt_Ph15_Kap,fastq,S18-KAPA_S56_L001_R1_001.fastq.gz,S18-KAPA_S56_L001_R2_001.fastq.gz,MAb_Hc_Lc_reference_seq.fa
S8-QIAseq,S8-QIAseq_batch2.techRep,Targeted RNA-Seq/amplicon-seq of a mutated and a wild-type MAb Heavy Chain mixed to create a mutation spike-in series that is sequenced under various prep conditions,AMPLICON,TRANSCRIPTOMIC,PCR,Paired-end,ILLUMINA,Illumina MiSeq,C9%C29_IVScpt_Ph15_FX,fastq,S18-QIAseq_S18_L001_R1_001.fastq.gz,S18-QIAseq_S18_L001_R2_001.fastq.gz,MAb_Hc_Lc_reference_seq.fa
S8-TruSeq,S8-TruSeq_batch2.techRep,Targeted RNA-Seq/amplicon-seq of a mutated and a wild-type MAb Heavy Chain mixed to create a mutation spike-in series that is sequenced under various prep conditions,AMPLICON,TRANSCRIPTOMIC,PCR,Paired-end,ILLUMINA,Illumina MiSeq,C9%C29_IVScpt_Ph15_Tru,fastq,S18-TruSeq_S37_L001_R1_001.fastq.gz,S18-TruSeq_S37_L001_R2_001.fastq.gz,MAb_Hc_Lc_reference_seq.fa
S9-KAPA,S9-KAPA_batch2.techRep,Targeted RNA-Seq/amplicon-seq of a mutated and a wild-type MAb Heavy Chain mixed to create a mutation spike-in series that is sequenced under various prep conditions,AMPLICON,TRANSCRIPTOMIC,PCR,Paired-end,ILLUMINA,Illumina MiSeq,C9_2%C29_IVScpt_Ph15_Kap,fastq,S19-KAPA_S57_L001_R1_001.fastq.gz,S19-KAPA_S57_L001_R2_001.fastq.gz,MAb_Hc_Lc_reference_seq.fa
S9-QIAseq,S9-QIAseq_batch2.techRep,Targeted RNA-Seq/amplicon-seq of a mutated and a wild-type MAb Heavy Chain mixed to create a mutation spike-in series that is sequenced under various prep conditions,AMPLICON,TRANSCRIPTOMIC,PCR,Paired-end,ILLUMINA,Illumina MiSeq,C9_2%C29_IVScpt_Ph15_FX,fastq,S19-QIAseq_S19_L001_R1_001.fastq.gz,S19-QIAseq_S19_L001_R2_001.fastq.gz,MAb_Hc_Lc_reference_seq.fa
S9-TruSeq,S9-TruSeq_batch2.techRep,Targeted RNA-Seq/amplicon-seq of a mutated and a wild-type MAb Heavy Chain mixed to create a mutation spike-in series that is sequenced under various prep conditions,AMPLICON,TRANSCRIPTOMIC,PCR,Paired-end,ILLUMINA,Illumina MiSeq,C9_2%C29_IVScpt_Ph15_Tru,fastq,S19-TruSeq_S38_L001_R1_001.fastq.gz,S19-TruSeq_S38_L001_R2_001.fastq.gz,MAb_Hc_Lc_reference_seq.fa
S4_batch3,S4_batch3,Targeted RNA-Seq/amplicon-seq of a mutated and a wild-type MAb Heavy Chain mixed to create a mutation spike-in series that is sequenced under various prep conditions,AMPLICON,TRANSCRIPTOMIC,PCR,Paired-end,ILLUMINA,Illumina MiSeq,C29_______IVScpt_Ph20_Tru_100_Batch3,fastq,C29-QIAseq_S4_L001_R1_001.fastq.gz,C29-QIAseq_S4_L001_R2_001.fastq.gz,MAb_Hc_Lc_reference_seq.fa
S12_batch3,S12_batch3,Targeted RNA-Seq/amplicon-seq of a mutated and a wild-type MAb Heavy Chain mixed to create a mutation spike-in series that is sequenced under various prep conditions,AMPLICON,TRANSCRIPTOMIC,PCR,Paired-end,ILLUMINA,Illumina MiSeq,C29_______IVScpt_Ph20_FX_100_Batch3,fastq,C29_S12_L001_R1_001.fastq.gz,C29_S12_L001_R2_001.fastq.gz,MAb_Hc_Lc_reference_seq.fa
S3_batch3,S3_batch3,Targeted RNA-Seq/amplicon-seq of a mutated and a wild-type MAb Heavy Chain mixed to create a mutation spike-in series that is sequenced under various prep conditions,AMPLICON,TRANSCRIPTOMIC,PCR,Paired-end,ILLUMINA,Illumina MiSeq,C9_0%C29_IVScpt_Ph20_Tru_0_Batch3,fastq,C9-QIAseq_S3_L001_R1_001.fastq.gz,C9-QIAseq_S3_L001_R2_001.fastq.gz,MAb_Hc_Lc_reference_seq.fa
S11_batch3,S11_batch3,Targeted RNA-Seq/amplicon-seq of a mutated and a wild-type MAb Heavy Chain mixed to create a mutation spike-in series that is sequenced under various prep conditions,AMPLICON,TRANSCRIPTOMIC,PCR,Paired-end,ILLUMINA,Illumina MiSeq,C9_0%C29_IVScpt_Ph20_FX_0_Batch3,fastq,C9_S11_L001_R1_001.fastq.gz,C9_S11_L001_R2_001.fastq.gz,MAb_Hc_Lc_reference_seq.fa
S5_batch3,S5_batch3,Targeted RNA-Seq/amplicon-seq of a mutated and a wild-type MAb Heavy Chain mixed to create a mutation spike-in series that is sequenced under various prep conditions,AMPLICON,TRANSCRIPTOMIC,PCR,Paired-end,ILLUMINA,Illumina MiSeq,vector1_Ph20_Tru_Batch3,fastq,PCR-1-QIAseq_S5_L001_R1_001.fastq.gz,PCR-1-QIAseq_S5_L001_R2_001.fastq.gz,MAb_Hc_Lc_reference_seq.fa
S7_batch3,S7_batch3,Targeted RNA-Seq/amplicon-seq of a mutated and a wild-type MAb Heavy Chain mixed to create a mutation spike-in series that is sequenced under various prep conditions,AMPLICON,TRANSCRIPTOMIC,PCR,Paired-end,ILLUMINA,Illumina MiSeq,vector1_Ph20_FX_Batch3,fastq,PCR-1_S7_L001_R1_001.fastq.gz,PCR-1_S7_L001_R2_001.fastq.gz,MAb_Hc_Lc_reference_seq.fa
S6_batch3,S6_batch3,Targeted RNA-Seq/amplicon-seq of a mutated and a wild-type MAb Heavy Chain mixed to create a mutation spike-in series that is sequenced under various prep conditions,AMPLICON,TRANSCRIPTOMIC,PCR,Paired-end,ILLUMINA,Illumina MiSeq,vector2_Ph20_Tru_Batch3,fastq,PCR-2-QIAseq_S6_L001_R1_001.fastq.gz,PCR-2-QIAseq_S6_L001_R2_001.fastq.gz,MAb_Hc_Lc_reference_seq.fa
S8_batch3,S8_batch3,Targeted RNA-Seq/amplicon-seq of a mutated and a wild-type MAb Heavy Chain mixed to create a mutation spike-in series that is sequenced under various prep conditions,AMPLICON,TRANSCRIPTOMIC,PCR,Paired-end,ILLUMINA,Illumina MiSeq,vector2_Ph20_FX_Batch3,fastq,PCR-2_S8_L001_R1_001.fastq.gz,PCR-2_S8_L001_R2_001.fastq.gz,MAb_Hc_Lc_reference_seq.fa
S1_batch3,S1_batch3,Targeted RNA-Seq/amplicon-seq of a mutated and a wild-type MAb Heavy Chain mixed to create a mutation spike-in series that is sequenced under various prep conditions,AMPLICON,TRANSCRIPTOMIC,PCR,Paired-end,ILLUMINA,Illumina MiSeq,vector1_Tru_Batch3,fastq,pYZZ001-QIAseq_S1_L001_R1_001.fastq.gz,pYZZ001-QIAseq_S1_L001_R2_001.fastq.gz,MAb_Hc_Lc_reference_seq.fa
S9_batch3,S9_batch3,Targeted RNA-Seq/amplicon-seq of a mutated and a wild-type MAb Heavy Chain mixed to create a mutation spike-in series that is sequenced under various prep conditions,AMPLICON,TRANSCRIPTOMIC,PCR,Paired-end,ILLUMINA,Illumina MiSeq,vector1_FX_Batch3,fastq,pYZZ001_S9_L001_R1_001.fastq.gz,pYZZ001_S9_L001_R2_001.fastq.gz,MAb_Hc_Lc_reference_seq.fa
S2_batch3,S2_batch3,Targeted RNA-Seq/amplicon-seq of a mutated and a wild-type MAb Heavy Chain mixed to create a mutation spike-in series that is sequenced under various prep conditions,AMPLICON,TRANSCRIPTOMIC,PCR,Paired-end,ILLUMINA,Illumina MiSeq,vector2_Tru_Batch3,fastq,pYZZ002-QIAseq_S2_L001_R1_001.fastq.gz,pYZZ002-QIAseq_S2_L001_R2_001.fastq.gz,MAb_Hc_Lc_reference_seq.fa
S10_batch3,S10_batch3,Targeted RNA-Seq/amplicon-seq of a mutated and a wild-type MAb Heavy Chain mixed to create a mutation spike-in series that is sequenced under various prep conditions,AMPLICON,TRANSCRIPTOMIC,PCR,Paired-end,ILLUMINA,Illumina MiSeq,vector2_FX_Batch3,fastq,pYZZ002_S10_L001_R1_001.fastq.gz,pYZZ002_S10_L001_R2_001.fastq.gz,MAb_Hc_Lc_reference_seq.fa
